<?xml version="1.0" encoding="UTF-8" standalone="yes"?>
<?xml-stylesheet type="text/xsl" href="modx.prosilver.en.xsl"?>
<!--NOTICE: Please open this file in your web browser. If presented with a security warning, you may safely tell it to allow the blocked content.-->
<!--For security purposes, please check: http://www.phpbb.com/mods/ for the latest version of this MOD.\nAlthough MODs are checked before being allowed in the MODs Database there is no guarantee that there are no security problems within the MOD.\nNo support will be given for MODs not found within the MODs Database which can be found at http://www.phpbb.com/mods/-->
<mod xmlns:xsi="http://www.w3.org/2001/XMLSchema-instance" xmlns="http://www.phpbb.com/mods/xml/modx-1.2.5.xsd">
	<header>
		<meta name="generator" content="MODX file generated with PP MODX Creator by tumba25 (online version)"/>
		<license><![CDATA[http://opensource.org/licenses/gpl-license.php GNU General Public License v2]]></license>
		<title lang="en"><![CDATA[Add new tabs]]></title>
		<description lang="en"><![CDATA[Add new solpas in the index, viewforum and viewtopic, in the two types of style.]]></description>
		<author-group>
			<author>
				<realname><![CDATA[Salva]]></realname>
				<username><![CDATA[Saske1]]></username>
				<homepage><![CDATA[http://www.phpbbsaske.com/foro/index.php]]></homepage>
				<email><![CDATA[salva_bxt@hotmail.com]]></email>
			</author>
		</author-group>
		<mod-version>2.0.0</mod-version>
		<installation>
			<level>easy</level>
			<time>300</time>
			<target-version>3.0.10</target-version>
		</installation>
		<link-group>
			<link type="parent" href="../install.xml" lang="en">Install</link>
		</link-group>
	</header>
	<action-group>
		<open src="styles/prosilver/template/index_tabbed_classic.html">
			<edit>
				<find><![CDATA[var panels_index = new Array('login-panel', 'online-panel', 'birthday-panel', 'statistics-panel', 'icons-panel');]]></find>
				<inline-edit>
					<inline-find><![CDATA[, 'icons-panel']]></inline-find>
					<inline-action type="after-add"><![CDATA[, 'new-panel']]></inline-action>
				</inline-edit>
			</edit>
			<edit>
				<find><![CDATA[		<li class="" id="icons-panel-tab"><a name="icons" href="#icons-panel" onclick="subpanels_index('icons-panel'); return false;"><span>{L_LEGEND}</span></a></li>]]></find>
				<action type="after-add"><![CDATA[		<li class="" id="new-panel-tab"><a name="new" href="#new-panel" onclick="subpanels_index('new-panel'); return false;"><span>{L_NEW}</span></a></li>]]></action>
			</edit>
			<edit>
				<find><![CDATA[		<!-- IF not S_IS_BOT -->
		<div id="icons-panel" style="display: none;">
			<h3>{L_LEGEND}</h3>
    <table style="width: 80%; margin-left: auto; margin-right: auto;" border="0" cellspacing="4">
    <tr>
       <td style="width:20px;" class="row1" align="center">{FORUM_NEW_IMG}</td>
       <td class="row2"><span class="gensmall">{L_NEW_POSTS}</span></td>
       <td style="width:20px;" class="row1" align="center">{FORUM_IMG}</td>
       <td class="row2"><span class="gensmall">{L_NO_NEW_POSTS}</span></td>
       <td style="width:20px;" class="row1" align="center">{FORUM_LOCKED_IMG}</td>
       <td class="row2"><span class="gensmall">{L_FORUM_LOCKED}</span></td>
    </tr>  
    <tr>
       <td style="width:20px;" class="row1" align="center">{FORUM_SUBFORUM_IMG}</td>
       <td class="row2"><span class="gensmall">{L_SUBFORUM} {L_NEW_POSTS}</span></td>
       <td style="width:20px;" class="row1" align="center">{FORUM_NEW_SUBFORUM_IMG}</td>
       <td class="row2"><span class="gensmall">{L_SUBFORUM} {L_NO_NEW_POSTS}</span></td>
       <td style="width:20px;" class="row1" align="center">{FORUM_LINK_IMG}</td>
       <td class="row2"><span class="gensmall">{L_FORUM_LINK}</span></td>
    </tr>
    </table>
		</div>
		<!-- ENDIF -->]]></find>
				<action type="after-add"><![CDATA[		<div id="new-panel" style="display: none;">
<!-- Your content here-->
		</div>]]></action>
			</edit>
		</open>
		<open src="styles/prosilver/template/index_tabbed_modern.html">
			<edit>
				<find><![CDATA[		<!-- IF not S_USER_LOGGED_IN and not S_IS_BOT --><li><a href="#five"><span>{L_LOGIN}</span></a></li><!-- ENDIF -->]]></find>
				<action type="after-add"><![CDATA[		<li><a href="#new"><span>{L_NEW}</span></a></li>]]></action>
			</edit>
			<edit>
				<find><![CDATA[			<!-- IF not S_USER_LOGGED_IN and not S_IS_BOT -->
	<div class="tabBG" id="five">
		<div id="insidetabBG">
			<h3>{L_LOGIN_LOGOUT}<!-- IF S_REGISTER_ENABLED -->&nbsp; &rsaquo; &nbsp;<a href="{U_REGISTER}">{L_REGISTER}</a><!-- ENDIF --></h3>
				<form method="post" action="{S_LOGIN_ACTION}">
					<fieldset class="quick-login">
						<input type="text" name="username" id="username" size="10" class="inputbox" title="{L_USERNAME}" value="{L_USERNAME}" onclick="if(this.value=='{L_USERNAME}')this.value='';" onblur="if(this.value=='')this.value='{L_USERNAME}';" />
						<input type="password" name="password" id="password" size="10" class="inputbox" title="{L_PASSWORD}" value="{L_PASSWORD}" onclick="if(this.value=='{L_PASSWORD}')this.value='';" onblur="if(this.value=='')this.value='{L_PASSWORD}';" />
						<input type="submit" name="login" value="{L_LOGIN}" class="button2" />
						<ul>
							<!-- IF S_AUTOLOGIN_ENABLED --><li><label><input type="checkbox" name="autologin" id="autologin" tabindex="4" /> {L_LOG_ME_IN}</label></li><!-- ENDIF -->
							<li><label><input type="checkbox" name="viewonline" id="viewonline" tabindex="5" /> {L_HIDE_ME}</label></li>
							{S_LOGIN_REDIRECT}
						</ul>
					</fieldset>
				</form>
				<br />

			<span class="corners-bottom"><span></span></span>
		</div>
	</div>
			<!-- ENDIF -->]]></find>
				<action type="after-add"><![CDATA[	<div class="tabBG" id="third">
		<div id="insidetabBG">
<!-- Your content Here -->
			<span class="corners-bottom"><span></span></span>
		</div>
	</div>]]></action>
			</edit>
		</open>
		<open src="styles/prosilver/template/viewforum_tabbed_classic.html">
			<edit>
				<find><![CDATA[var panels_index = new Array('login-panel', 'online-panel', 'birthday-panel', 'statistics-panel', 'icons-panel');]]></find>
				<inline-edit>
					<inline-find><![CDATA[, 'icons-panel']]></inline-find>
					<inline-action type="after-add"><![CDATA[, 'new-panel']]></inline-action>
				</inline-edit>
			</edit>
			<edit>
				<find><![CDATA[		<li class="" id="icons-panel-tab"><a name="icons" href="#icons-panel" onclick="subpanels_index('icons-panel'); return false;"><span>{L_LEGEND}</span></a></li>]]></find>
				<action type="after-add"><![CDATA[		<li class="" id="new-panel-tab"><a name="new" href="#new-panel" onclick="subpanels_index('new-panel'); return false;"><span>{L_NEW}</span></a></li>]]></action>
			</edit>
			<edit>
				<find><![CDATA[		<!-- IF not S_IS_BOT -->
		<div id="icons-panel" style="display: none;">
			<h3>{L_LEGEND}</h3>
    <table style="width: 80%; margin-left: auto; margin-right: auto;" border="0" cellspacing="4">
    <tr>
       <td style="width:20px;" class="row1" align="center">{FORUM_NEW_IMG}</td>
       <td class="row2"><span class="gensmall">{L_NEW_POSTS}</span></td>
       <td style="width:20px;" class="row1" align="center">{FORUM_IMG}</td>
       <td class="row2"><span class="gensmall">{L_NO_NEW_POSTS}</span></td>
       <td style="width:20px;" class="row1" align="center">{FORUM_LOCKED_IMG}</td>
       <td class="row2"><span class="gensmall">{L_FORUM_LOCKED}</span></td>
    </tr>  
    <tr>
       <td style="width:20px;" class="row1" align="center">{FORUM_SUBFORUM_IMG}</td>
       <td class="row2"><span class="gensmall">{L_SUBFORUM} {L_NEW_POSTS}</span></td>
       <td style="width:20px;" class="row1" align="center">{FORUM_NEW_SUBFORUM_IMG}</td>
       <td class="row2"><span class="gensmall">{L_SUBFORUM} {L_NO_NEW_POSTS}</span></td>
       <td style="width:20px;" class="row1" align="center">{FORUM_LINK_IMG}</td>
       <td class="row2"><span class="gensmall">{L_FORUM_LINK}</span></td>
    </tr>
    </table>
		</div>
		<!-- ENDIF -->]]></find>
				<action type="after-add"><![CDATA[		<div id="new-panel" style="display: none;">
<!-- Your content here-->
		</div>]]></action>
			</edit>
		</open>
		<open src="styles/prosilver/template/viewforum_tabbed_modern.html">
			<edit>
				<find><![CDATA[		<!-- IF not S_USER_LOGGED_IN and not S_IS_BOT --><li><a href="#five"><span>{L_LOGIN}</span></a></li><!-- ENDIF -->]]></find>
				<action type="after-add"><![CDATA[		<li><a href="#new"><span>{L_NEW}</span></a></li>]]></action>
			</edit>
			<edit>
				<find><![CDATA[			<!-- IF not S_USER_LOGGED_IN and not S_IS_BOT -->
	<div class="tabBG" id="five">
		<div id="insidetabBG">
			<h3>{L_LOGIN_LOGOUT}<!-- IF S_REGISTER_ENABLED -->&nbsp; &rsaquo; &nbsp;<a href="{U_REGISTER}">{L_REGISTER}</a><!-- ENDIF --></h3>
				<form method="post" action="{S_LOGIN_ACTION}">
					<fieldset class="quick-login">
						<input type="text" name="username" id="username" size="10" class="inputbox" title="{L_USERNAME}" value="{L_USERNAME}" onclick="if(this.value=='{L_USERNAME}')this.value='';" onblur="if(this.value=='')this.value='{L_USERNAME}';" />
						<input type="password" name="password" id="password" size="10" class="inputbox" title="{L_PASSWORD}" value="{L_PASSWORD}" onclick="if(this.value=='{L_PASSWORD}')this.value='';" onblur="if(this.value=='')this.value='{L_PASSWORD}';" />
						<input type="submit" name="login" value="{L_LOGIN}" class="button2" />
						<ul>
							<!-- IF S_AUTOLOGIN_ENABLED --><li><label><input type="checkbox" name="autologin" id="autologin" tabindex="4" /> {L_LOG_ME_IN}</label></li><!-- ENDIF -->
							<li><label><input type="checkbox" name="viewonline" id="viewonline" tabindex="5" /> {L_HIDE_ME}</label></li>
							{S_LOGIN_REDIRECT}
						</ul>
					</fieldset>
				</form>
				<br />

			<span class="corners-bottom"><span></span></span>
		</div>
	</div>
			<!-- ENDIF -->]]></find>
				<action type="after-add"><![CDATA[	<div class="tabBG" id="third">
		<div id="insidetabBG">
<!-- Your content Here -->
			<span class="corners-bottom"><span></span></span>
		</div>
	</div>]]></action>
			</edit>
		</open>
		<open src="styles/prosilver/template/viewtopic_tabbed_classic.html">
			<edit>
				<find><![CDATA[var panels_index = new Array('login-panel', 'online-panel', 'birthday-panel', 'statistics-panel', 'icons-panel');]]></find>
				<inline-edit>
					<inline-find><![CDATA[, 'icons-panel']]></inline-find>
					<inline-action type="after-add"><![CDATA[, 'new-panel']]></inline-action>
				</inline-edit>
			</edit>
			<edit>
				<find><![CDATA[		<li class="" id="icons-panel-tab"><a name="icons" href="#icons-panel" onclick="subpanels_index('icons-panel'); return false;"><span>{L_LEGEND}</span></a></li>]]></find>
				<action type="after-add"><![CDATA[		<li class="" id="new-panel-tab"><a name="new" href="#new-panel" onclick="subpanels_index('new-panel'); return false;"><span>{L_NEW}</span></a></li>]]></action>
			</edit>
			<edit>
				<find><![CDATA[		<!-- IF not S_IS_BOT -->
		<div id="icons-panel" style="display: none;">
			<h3>{L_LEGEND}</h3>
    <table style="width: 80%; margin-left: auto; margin-right: auto;" border="0" cellspacing="4">
    <tr>
       <td style="width:20px;" class="row1" align="center">{FORUM_NEW_IMG}</td>
       <td class="row2"><span class="gensmall">{L_NEW_POSTS}</span></td>
       <td style="width:20px;" class="row1" align="center">{FORUM_IMG}</td>
       <td class="row2"><span class="gensmall">{L_NO_NEW_POSTS}</span></td>
       <td style="width:20px;" class="row1" align="center">{FORUM_LOCKED_IMG}</td>
       <td class="row2"><span class="gensmall">{L_FORUM_LOCKED}</span></td>
    </tr>  
    <tr>
       <td style="width:20px;" class="row1" align="center">{FORUM_SUBFORUM_IMG}</td>
       <td class="row2"><span class="gensmall">{L_SUBFORUM} {L_NEW_POSTS}</span></td>
       <td style="width:20px;" class="row1" align="center">{FORUM_NEW_SUBFORUM_IMG}</td>
       <td class="row2"><span class="gensmall">{L_SUBFORUM} {L_NO_NEW_POSTS}</span></td>
       <td style="width:20px;" class="row1" align="center">{FORUM_LINK_IMG}</td>
       <td class="row2"><span class="gensmall">{L_FORUM_LINK}</span></td>
    </tr>
    </table>
		</div>
		<!-- ENDIF -->]]></find>
				<action type="after-add"><![CDATA[		<div id="new-panel" style="display: none;">
<!-- Your content here-->
		</div>]]></action>
			</edit>
		</open>
		<open src="styles/prosilver/template/viewtopic_tabbed_modern.html">
			<edit>
				<find><![CDATA[		<!-- IF not S_USER_LOGGED_IN and not S_IS_BOT --><li><a href="#five"><span>{L_LOGIN}</span></a></li><!-- ENDIF -->]]></find>
				<action type="after-add"><![CDATA[		<li><a href="#new"><span>{L_NEW}</span></a></li>]]></action>
			</edit>
			<edit>
				<find><![CDATA[			<!-- IF not S_USER_LOGGED_IN and not S_IS_BOT -->
	<div class="tabBG" id="five">
		<div id="insidetabBG">
			<h3>{L_LOGIN_LOGOUT}<!-- IF S_REGISTER_ENABLED -->&nbsp; &rsaquo; &nbsp;<a href="{U_REGISTER}">{L_REGISTER}</a><!-- ENDIF --></h3>
				<form method="post" action="{S_LOGIN_ACTION}">
					<fieldset class="quick-login">
						<input type="text" name="username" id="username" size="10" class="inputbox" title="{L_USERNAME}" value="{L_USERNAME}" onclick="if(this.value=='{L_USERNAME}')this.value='';" onblur="if(this.value=='')this.value='{L_USERNAME}';" />
						<input type="password" name="password" id="password" size="10" class="inputbox" title="{L_PASSWORD}" value="{L_PASSWORD}" onclick="if(this.value=='{L_PASSWORD}')this.value='';" onblur="if(this.value=='')this.value='{L_PASSWORD}';" />
						<input type="submit" name="login" value="{L_LOGIN}" class="button2" />
						<ul>
							<!-- IF S_AUTOLOGIN_ENABLED --><li><label><input type="checkbox" name="autologin" id="autologin" tabindex="4" /> {L_LOG_ME_IN}</label></li><!-- ENDIF -->
							<li><label><input type="checkbox" name="viewonline" id="viewonline" tabindex="5" /> {L_HIDE_ME}</label></li>
							{S_LOGIN_REDIRECT}
						</ul>
					</fieldset>
				</form>
				<br />

			<span class="corners-bottom"><span></span></span>
		</div>
	</div>
			<!-- ENDIF -->]]></find>
				<action type="after-add"><![CDATA[	<div class="tabBG" id="third">
		<div id="insidetabBG">
<!-- Your content Here -->
			<span class="corners-bottom"><span></span></span>
		</div>
	</div>]]></action>
			</edit>
		</open>
		<diy-instructions lang="en"><![CDATA[IMPORTANT ! 

#####################################################################
Log on to Administration Control Panel

#####################################################################
A) Refresh the templates :

	A.1) Navigate to "Styles" Tab.
	A.2) Under "Style components " click on "Templates".
	A.3) Under "Actions" click on "Refresh".
	A.4) in the next screen, click on "Yes" ( Repeat last 2 steps to each instaled style ).

#####################################################################
B) Enjoy it !.]]></diy-instructions>
	</action-group>
</mod>
