<?xml version="1.0" encoding="UTF-8" standalone="yes"?>
<?xml-stylesheet type="text/xsl" href="modx.prosilver.en.xsl"?>
<!--NOTICE: Please open this file in your web browser. If presented with a security warning, you may safely tell it to allow the blocked content.-->
<!--For security purposes, please check: http://www.phpbb.com/mods/ for the latest version of this MOD.\nAlthough MODs are checked before being allowed in the MODs Database there is no guarantee that there are no security problems within the MOD.\nNo support will be given for MODs not found within the MODs Database which can be found at http://www.phpbb.com/mods/-->
<mod xmlns:xsi="http://www.w3.org/2001/XMLSchema-instance" xmlns="http://www.phpbb.com/mods/xml/modx-1.2.5.xsd">
	<header>
		<meta name="generator" content="MODX file generated with PP MODX Creator by tumba25 (online version)"/>
		<license><![CDATA[http://opensource.org/licenses/gpl-license.php GNU General Public License v2]]></license>
		<title lang="en"><![CDATA[Index Tabbed]]></title>
		<description lang="en"><![CDATA[Index ~ Who is online, Birthdays, Statistics, icons, login in tab mode
Forum ~ Who is online, forum permission, Icons, login in tab mode
Topic  ~ Who is online, forum permission, Icons, login in tab mode]]></description>
		<author-notes lang="en"><![CDATA[New style code based of proDVGFX.
.psd  for the images in contrib/psd/]]></author-notes>
		<author-group>
			<author>
				<realname><![CDATA[Salva]]></realname>
				<username><![CDATA[Saske1]]></username>
				<homepage><![CDATA[http://www.phpbbsaske.es/foro/]]></homepage>
				<email><![CDATA[salva_bxt@hotmail.com]]></email>
			</author>
			<author>
				<realname><![CDATA[Gabriel]]></realname>
				<username><![CDATA[leviatan21]]></username>
				<homepage><![CDATA[http://www.phpbbargentina.com]]></homepage>
				<contributions-group>
					<contributions status="past" from="2011-05-11" to="2011-07-03" position="Devolper"/>
				</contributions-group>
			</author>
		</author-group>
		<mod-version>3.0.0</mod-version>
		<installation>
			<level>easy</level>
			<time>300</time>
			<target-version>3.0.12</target-version>
		</installation>
		<history>
			<entry>
				<date>2011-04-10</date>
				<rev-version>1.0.0</rev-version>
				<changelog lang="en">
					<change><![CDATA[Initial release]]></change>
				</changelog>
			</entry>
			<entry>
				<date>2011-04-13</date>
				<rev-version>1.0.1</rev-version>
				<changelog lang="en">
					<change><![CDATA[Fixed errors]]></change>
				</changelog>
			</entry>
			<entry>
				<date>2011-05-11</date>
				<rev-version>1.1.0</rev-version>
				<changelog lang="en">
					<change><![CDATA[Code change]]></change>
					<change><![CDATA[better and less code]]></change>
					<change><![CDATA[Enable / Disable in the ACP]]></change>
					<change><![CDATA[Name Change]]></change>
				</changelog>
			</entry>
			<entry>
				<date>2011-07-03</date>
				<rev-version>1.1.1</rev-version>
				<changelog lang="en">
					<change><![CDATA[Add mode tab in viewforum]]></change>
					<change><![CDATA[Add option in ACP for enable / disable mode tab in viewforum]]></change>
					<change><![CDATA[Add mode tab in viewtopic]]></change>
					<change><![CDATA[Add option in ACP for enable / disable mode tab in viewtopic]]></change>
					<change><![CDATA[Support 3.0.9 phpBB]]></change>
				</changelog>
			</entry>
			<entry>
				<date>2012-07-31</date>
				<rev-version>2.0.0</rev-version>
				<changelog lang="en">
					<change><![CDATA[New Style for the MOD]]></change>
					<change><![CDATA[Bug Fixeds]]></change>
					<change><![CDATA[Best Code]]></change>
				</changelog>
			</entry>
		</history>
		<link-group>
			<link type="parent" href="../install.xml" lang="en">Installation Instructions</link>
		</link-group>
	</header>
	<action-group>
		<open src="language/es/viewtopic.php">
			<edit>
				<find><![CDATA[	'FORK_TOPIC'			=> 'Copiar Tema',]]></find>
				<action type="after-add"><![CDATA[// MOD : Index Tabbed - Start
	'FORUM_PERMISSIONS'		=> 'Permisos del foro',
// MOD : Index Tabbed - End]]></action>
			</edit>
			<edit>
				<find><![CDATA[	'LINKAGE_FORBIDDEN'					=> 'No está autorizado a ver, descargar o enlazar de/a este Sitio.',
	'LOGIN_NOTIFY_TOPIC'				=> 'Ha sido notificado sobre este tema, por favor identifíquese para verlo.',
	'LOGIN_VIEWTOPIC'					=> 'La Administración del Sitio requiere que esté registrado e identificado para ver este tema.',]]></find>
				<action type="before-add"><![CDATA[// MOD : Index Tabbed - Start
	'ICON_ANNOUNCEMENT'		=> 'Anuncio',
	'ICON_STICKY'			=> 'Fijo',
// MOD : Index Tabbed - End]]></action>
			</edit>
			<edit>
				<find><![CDATA[	'NO_ATTACHMENT_SELECTED'			=> 'No ha seleccionado un adjunto para descargar o ver.',
	'NO_NEWER_TOPICS'					=> 'No hay temas nuevos en este foro.',
	'NO_OLDER_TOPICS'					=> 'No hay temas viejos en este foro.',
	'NO_UNREAD_POSTS'					=> 'No hay nuevos mensajes sin leer en este tema.',
	'NO_VOTE_OPTION'					=> 'Debe especificar una opción cuando vote.',
	'NO_VOTES'							=> 'No hay votos',]]></find>
				<action type="after-add"><![CDATA[// MOD : Index Tabbed - Start
	'NEW_POSTS_HOT'			=> 'Mensajes nuevos [ Popular ]',   // No usado más 
	'NEW_POSTS_LOCKED'		=> 'Mensajes nuevos [ Cerrado ]',   // No usado más 
	'NO_ATTACHMENT_SELECTED'			=> 'No ha seleccionado un adjunto para descargar o ver.',
	'NO_NEW_POSTS_HOT'		=> 'No hay mensajes nuevos [ Popular ]',   // No usado más
	'NO_NEW_POSTS_LOCKED'	=> 'No hay mensajes nuevos [ Cerrado ]',   // No usado más
	'NO_NEWER_TOPICS'					=> 'No hay temas nuevos en este foro',
	'NO_OLDER_TOPICS'					=> 'No hay temas viejos en este foro',
	'NO_UNREAD_POSTS'					=> 'No hay nuevos mensajes sin leer en este tema.',
	'NO_VOTE_OPTION'					=> 'Debe especificar una opción cuando vote.',
	'NO_VOTES'							=> 'No hay votos',
// MOD : Index Tabbed - End]]></action>
			</edit>
		</open>
		<open src="language/es/acp/board.php">
			<edit>
				<find><![CDATA[	'YES_BIRTHDAYS'					=> 'Habilitar lista de cumpleaños',
	'YES_BIRTHDAYS_EXPLAIN'			=> 'Si está deshabilitada, la lista de cumpleaños no se visualizará. Para que esta preferencia tenga efecto, la preferencia de cumpleaños deber estar también habilitada.',]]></find>
				<action type="after-add"><![CDATA[// MOD : Index Tabbed - Start
	'YES_INDEXTABS'					=> 'Habilitar solapas en el índice', 
	'YES_INDEXTABS_EXPLAIN'			=> 'Mostrar “¿Quién está conectado?”, “cumpleaños”, “Estadísticas” e "iconos" en solapas o en el modo establecido por el estilo',
	'YES_FORUMTABS'					=> 'Habilitar solapas en los foros', 
	'YES_FORUMTABS_EXPLAIN'			=> 'Mostrar “¿Quién está conectado?”, “permisos del foro” e “iconos” en solapas o en el modo establecido por el estilo',
	'YES_TOPICTABS'					=> 'Habilitar solapas en los temas', 
	'YES_TOPICTABS_EXPLAIN'			=> 'Mostrar “¿Quién está conectado?”, “permisos del foro” e “iconos” en solapas o en el modo establecido por el estilo',
// MOD : Index Tabbed - End]]></action>
			</edit>
		</open>
		<diy-instructions lang="en"><![CDATA[IMPORTANT ! 

#####################################################################
A) Enjoy it !.]]></diy-instructions>
		<diy-instructions lang="es"><![CDATA[IMPORTANTE ! 

#####################################################################
A) Disfruten !.]]></diy-instructions>
	</action-group>
</mod>
