<?xml version="1.0" encoding="UTF-8" standalone="yes"?>
<?xml-stylesheet type="text/xsl" href="modx.prosilver.en.xsl"?>
<!--NOTICE: Please open this file in your web browser. If presented with a security warning, you may safely tell it to allow the blocked content.-->
<!--For security purposes, please check: http://www.phpbb.com/mods/ for the latest version of this MOD.\nAlthough MODs are checked before being allowed in the MODs Database there is no guarantee that there are no security problems within the MOD.\nNo support will be given for MODs not found within the MODs Database which can be found at http://www.phpbb.com/mods/-->
<mod xmlns:xsi="http://www.w3.org/2001/XMLSchema-instance" xmlns="http://www.phpbb.com/mods/xml/modx-1.2.5.xsd">
	<header>
		<meta name="generator" content="MODX file generated with PP MODX Creator by tumba25 (online version)"/>
		<license><![CDATA[http://opensource.org/licenses/gpl-license.php GNU General Public License v2]]></license>
		<title lang="en"><![CDATA[Index Tabbed]]></title>
		<description lang="en"><![CDATA[Index ~ Who is online, Birthdays, Statistics, icons, login in tab mode
Forum ~ Who is online, forum permission, Icons, login in tab mode
Topic  ~ Who is online, forum permission, Icons, login in tab mode]]></description>
		<author-notes lang="en"><![CDATA[New style code based of proDVGFX.]]></author-notes>
		<author-group>
			<author>
				<realname><![CDATA[Salva]]></realname>
				<username><![CDATA[Saske1]]></username>
				<homepage><![CDATA[http://www.phpbbsaske.es/foro/]]></homepage>
				<email><![CDATA[salva_bxt@hotmail.com]]></email>
			</author>
			<author>
				<realname><![CDATA[Gabriel]]></realname>
				<username><![CDATA[leviatan21]]></username>
				<homepage><![CDATA[http://www.phpbbargentina.com]]></homepage>
				<contributions-group>
					<contributions status="past" from="2011-05-11" to="2011-07-03" position="Devolper"/>
				</contributions-group>
			</author>
		</author-group>
		<mod-version>3.0.0</mod-version>
		<installation>
			<level>easy</level>
			<time>300</time>
			<target-version>3.0.12</target-version>
		</installation>
		<history>
			<entry>
				<date>2011-04-10</date>
				<rev-version>1.0.0</rev-version>
				<changelog lang="en">
					<change><![CDATA[Initial release]]></change>
				</changelog>
			</entry>
			<entry>
				<date>2011-04-13</date>
				<rev-version>1.0.1</rev-version>
				<changelog lang="en">
					<change><![CDATA[Fixed errors]]></change>
				</changelog>
			</entry>
			<entry>
				<date>2011-05-11</date>
				<rev-version>1.1.0</rev-version>
				<changelog lang="en">
					<change><![CDATA[Code change]]></change>
					<change><![CDATA[better and less code]]></change>
					<change><![CDATA[Enable / Disable in the ACP]]></change>
					<change><![CDATA[Name Change]]></change>
				</changelog>
			</entry>
			<entry>
				<date>2011-07-03</date>
				<rev-version>1.1.1</rev-version>
				<changelog lang="en">
					<change><![CDATA[Add mode tab in viewforum]]></change>
					<change><![CDATA[Add option in ACP for enable / disable mode tab in viewforum]]></change>
					<change><![CDATA[Add mode tab in viewtopic]]></change>
					<change><![CDATA[Add option in ACP for enable / disable mode tab in viewtopic]]></change>
					<change><![CDATA[Support 3.0.9 phpBB]]></change>
				</changelog>
			</entry>
			<entry>
				<date>2012-07-31</date>
				<rev-version>2.0.0</rev-version>
				<changelog lang="en">
					<change><![CDATA[New Style for the MOD]]></change>
					<change><![CDATA[Bug Fixeds]]></change>
					<change><![CDATA[Best Code]]></change>
					<change><![CDATA[Use Jquery 1.7.2]]></change>
				</changelog>
			</entry>
			<entry>
				<date>2013-07-20</date>
				<rev-version>3.0.0</rev-version>
				<changelog lang="en">
					<change><![CDATA[Rewriting MOD]]></change>
					<change><![CDATA[Bootstrap CSS]]></change>
				</changelog>
			</entry>
		</history>
		<link-group>
			<link type="language" href="contrib/es.xml" lang="en">Install Spanish language pack</link>
			<link type="language" href="contrib/es.xml" lang="es">Instalar paquete del idioma español</link>
			<link type="contrib" href="contrib/update 2.0.0 to 3.0.0.xml" lang="en">Update 2.0.0 to 3.0.0</link>
			<link type="contrib" href="contrib/update 2.0.0 to 3.0.0.xml" lang="es">Actualizar 2.0.0 a 3.0.0</link>
		</link-group>
	</header>
	<action-group>
		<copy>
			<file from="root/styles/prosilver/template/index_tabbed.html" to="styles/prosilver/template/index_tabbed.html"/>
			<file from="root/styles/prosilver/template/viewforum_tabbed.html" to="styles/prosilver/template/viewforum_tabbed.html"/>
			<file from="root/styles/prosilver/template/viewtopic_tabbed.html" to="styles/prosilver/template/viewtopic_tabbed.html"/>
			<file from="root/styles/prosilver/template/tab.js" to="styles/prosilver/template/tab.js"/>
			<file from="root/styles/prosilver/theme/tabs.css" to="styles/prosilver/theme/tabs.css"/>
		</copy>
		<open src="index.php">
			<edit>
				<find><![CDATA[		'FORUM_IMG'				=> $user->img('forum_read', 'NO_UNREAD_POSTS'),
		'FORUM_UNREAD_IMG'			=> $user->img('forum_unread', 'UNREAD_POSTS'),
		'FORUM_LOCKED_IMG'		=> $user->img('forum_read_locked', 'NO_UNREAD_POSTS_LOCKED'),
		'FORUM_UNREAD_LOCKED_IMG'	=> $user->img('forum_unread_locked', 'UNREAD_POSTS_LOCKED'),

		'S_LOGIN_ACTION'			=> append_sid("{$phpbb_root_path}ucp.$phpEx", 'mode=login'),
		'S_DISPLAY_BIRTHDAY_LIST'	=> ($config['load_birthdays']) ? true : false,]]></find>
				<action type="replace-with"><![CDATA[// MOD : Index Tabbed - Start
		'FORUM_IMG'             => $user->img('forum_read', 'NO_UNREAD_POSTS'),
		'FORUM_NEW_IMG'         => $user->img('forum_unread', 'NEW_POSTS'),
		'FORUM_UNREAD_IMG'          => $user->img('forum_unread', 'UNREAD_POSTS'),
		'FORUM_LOCKED_IMG'      => $user->img('forum_read_locked', 'NO_UNREAD_POSTS_LOCKED'),
		'FORUM_NEW_LOCKED_IMG'  => $user->img('forum_unread_locked', 'NO_NEW_POSTS_LOCKED'),
		'FORUM_UNREAD_LOCKED_IMG'   => $user->img('forum_unread_locked', 'UNREAD_POSTS_LOCKED'),
		'FORUM_LINK_IMG'      => $user->img('forum_link', 'FORUM_LINK'),
		'FORUM_NEW_SUBFORUM_IMG' => $user->img('forum_read_subforum', 'NO_NEW_POSTS'),
		'FORUM_SUBFORUM_IMG'   => $user->img('forum_unread_subforum', 'NEW_POSTS'),

		'S_LOGIN_ACTION'			=> append_sid("{$phpbb_root_path}ucp.$phpEx", 'mode=login'),
		'S_DISPLAY_BIRTHDAY_LIST'	=> ($config['load_birthdays']) ? true : false,

		'S_INDEXTABS'				=> (isset($config['load_indextabs'])) ? $config['load_indextabs'] : false,
		'S_MODETABS'				=> (isset($config['load_modetabs'])) ? $config['load_modetabs'] : false,
// MOD : Index Tabbed - END]]></action>
			</edit>
		</open>
		<open src="viewforum.php">
			<edit>
				<find><![CDATA[	'S_DISPLAY_POST_INFO'	=> ($forum_data['forum_type'] == FORUM_POST && ($auth->acl_get('f_post', $forum_id) || $user->data['user_id'] == ANONYMOUS)) ? true : false,]]></find>
				<action type="after-add"><![CDATA[// MOD : Index Tabbed - Start
	'S_FORUMTABS'				=> (isset($config['load_forumtabs'])) ? $config['load_forumtabs'] : false,
	'S_MODETABS'				=> (isset($config['load_modetabs'])) ? $config['load_modetabs'] : false,
// MOD : Index Tabbed - END]]></action>
			</edit>
		</open>
		<open src="viewtopic.php">
			<edit>
				<find><![CDATA[	'FORUM_ID' 		=> $forum_id,
	'FORUM_NAME' 	=> $topic_data['forum_name'],
	'FORUM_DESC'	=> generate_text_for_display($topic_data['forum_desc'], $topic_data['forum_desc_uid'], $topic_data['forum_desc_bitfield'], $topic_data['forum_desc_options']),]]></find>
				<action type="after-add"><![CDATA[// MOD : Index Tabbed - Start
	'FORUM_IMG'             => $user->img('forum_read', 'NO_UNREAD_POSTS'),
	'FORUM_NEW_IMG'         => $user->img('forum_unread', 'NEW_POSTS'),
	'FORUM_UNREAD_IMG'          => $user->img('forum_unread', 'UNREAD_POSTS'),
	'FORUM_LOCKED_IMG'      => $user->img('forum_read_locked', 'NO_UNREAD_POSTS_LOCKED'),
	'FORUM_NEW_LOCKED_IMG'  => $user->img('forum_unread_locked', 'NO_NEW_POSTS_LOCKED'),
	'FORUM_UNREAD_LOCKED_IMG'   => $user->img('forum_unread_locked', 'UNREAD_POSTS_LOCKED'),
	'FORUM_LINK_IMG'      => $user->img('forum_link', 'FORUM_LINK'),
	'FORUM_NEW_SUBFORUM_IMG' => $user->img('forum_read_subforum', 'NO_NEW_POSTS'),
	'FORUM_SUBFORUM_IMG'   => $user->img('forum_unread_subforum', 'NEW_POSTS'),
// MOD : Index Tabbed - END]]></action>
			</edit>
			<edit>
				<find><![CDATA[	'S_DISPLAY_POST_INFO'	=> ($topic_data['forum_type'] == FORUM_POST && ($auth->acl_get('f_post', $forum_id) || $user->data['user_id'] == ANONYMOUS)) ? true : false,]]></find>
				<action type="after-add"><![CDATA[// MOD : Index Tabbed - Start
	'S_TOPICTABS'				=> (isset($config['load_topictabs'])) ? $config['load_topictabs'] : false,
	'S_MODETABS'				=> (isset($config['load_modetabs'])) ? $config['load_modetabs'] : false,
// MOD : Index Tabbed - END]]></action>
			</edit>
		</open>
		<open src="includes/acp/acp_board.php">
			<edit>
				<find><![CDATA[						'load_birthdays'		=> array('lang' => 'YES_BIRTHDAYS',			'validate' => 'bool',	'type' => 'radio:yes_no', 'explain' => true),]]></find>
				<action type="after-add"><![CDATA[// MOD : Index Tabbed - Start
						'load_indextabs'		=> array('lang' => 'YES_INDEXTABS',			'validate' => 'bool',	'type' => 'radio:yes_no', 'explain' => true),
						'load_forumtabs'		=> array('lang' => 'YES_FORUMTABS',			'validate' => 'bool',	'type' => 'radio:yes_no', 'explain' => true),
						'load_topictabs'		=> array('lang' => 'YES_TOPICTABS',			'validate' => 'bool',	'type' => 'radio:yes_no', 'explain' => true),
// MOD : Index Tabbed - End]]></action>
			</edit>
		</open>
		<open src="language/en/viewtopic.php">
			<edit>
				<find><![CDATA[	'FORK_TOPIC'			=> 'Copy topic',]]></find>
				<action type="after-add"><![CDATA[// MOD : Index Tabbed - Start
	'FORUM_PERMISSIONS'		=> 'Forum permissions',
// MOD : Index Tabbed - End]]></action>
			</edit>
			<edit>
				<find><![CDATA[	'LINKAGE_FORBIDDEN'		=> 'You are not authorised to view, download or link from/to this site.',
	'LOGIN_NOTIFY_TOPIC'	=> 'You have been notified about this topic, please login to view it.',
	'LOGIN_VIEWTOPIC'		=> 'The board requires you to be registered and logged in to view this topic.',]]></find>
				<action type="before-add"><![CDATA[// MOD : Index Tabbed - Start
	'ICON_ANNOUNCEMENT'		=> 'Announcement',
	'ICON_STICKY'			=> 'Sticky',
// MOD : Index Tabbed - End]]></action>
			</edit>
			<edit>
				<find><![CDATA[	'NO_ATTACHMENT_SELECTED'=> 'You haven’t selected an attachment to download or view.',
	'NO_NEWER_TOPICS'		=> 'There are no newer topics in this forum.',
	'NO_OLDER_TOPICS'		=> 'There are no older topics in this forum.',
	'NO_UNREAD_POSTS'		=> 'There are no new unread posts for this topic.',
	'NO_VOTE_OPTION'		=> 'You must specify an option when voting.',
	'NO_VOTES'				=> 'No votes',
]]></find>
				<action type="after-add"><![CDATA[// MOD : Index Tabbed - Start
	'NEW_POSTS_HOT'			=> 'New posts [ Popular ]',	// Not used anymore
	'NEW_POSTS_LOCKED'		=> 'New posts [ Locked ]',	// Not used anymore
	'NO_ATTACHMENT_SELECTED'=> 'You haven’t selected an attachment to download or view.',
	'NO_NEW_POSTS_HOT'		=> 'No new posts [ Popular ]',	// Not used anymore
	'NO_NEW_POSTS_LOCKED'	=> 'No new posts [ Locked ]',	// Not used anymore
	'NO_NEWER_TOPICS'		=> 'There are no newer topics in this forum.',
	'NO_OLDER_TOPICS'		=> 'There are no older topics in this forum.',
	'NO_UNREAD_POSTS'		=> 'There are no new unread posts for this topic.',
	'NO_VOTE_OPTION'		=> 'You must specify an option when voting.',
	'NO_VOTES'				=> 'No votes',
// MOD : Index Tabbed - End]]></action>
			</edit>
		</open>
		<open src="language/en/acp/board.php">
			<edit>
				<find><![CDATA[	'YES_BIRTHDAYS'					=> 'Enable birthday listing',
	'YES_BIRTHDAYS_EXPLAIN'			=> 'If disabled the birthday listing is no longer displayed. To let this setting take effect the birthday feature needs to be enabled too.',]]></find>
				<action type="after-add"><![CDATA[// MOD : Index Tabbed - Start
	'YES_INDEXTABS'					=> 'Enable tabs in index', 
	'YES_INDEXTABS_EXPLAIN'			=> 'Show “Who is Online”, “Birthday”, “Statistics” and "icons" in tabs or in the mode set by the style',
	'YES_FORUMTABS'					=> 'Enable tabs in forums', 
	'YES_FORUMTABS_EXPLAIN'			=> 'Show “Who is Online”, “permission” and “icons” in tabs or in the mode set by the style',
	'YES_TOPICTABS'					=> 'Enable tabs in topics', 
	'YES_TOPICTABS_EXPLAIN'			=> 'Show “Who is Online”, “permission” and “icons” in tabs or in the mode set by the style',
// MOD : Index Tabbed - End]]></action>
			</edit>
		</open>
		<open src="styles/prosilver/template/overall_header.html">
			<edit>
				<find><![CDATA[</head>]]></find>
				<action type="before-add"><![CDATA[<script type="text/javascript" src="{T_TEMPLATE_PATH}/tab.js"></script>]]></action>
			</edit>
		</open>
		<open src="styles/prosilver/template/index_body.html">
			<edit>
				<find><![CDATA[<!-- IF not S_USER_LOGGED_IN and not S_IS_BOT -->
	<form method="post" action="{S_LOGIN_ACTION}" class="headerspace">]]></find>
				<action type="before-add"><![CDATA[<!-- IF S_INDEXTABS -->
<!-- INCLUDE index_tabbed.html -->
<!-- ELSE -->]]></action>
			</edit>
			<edit>
				<find><![CDATA[<!-- INCLUDE overall_footer.html -->]]></find>
				<action type="before-add"><![CDATA[<!-- ENDIF -->]]></action>
			</edit>
		</open>
		<open src="styles/prosilver/template/viewforum_body.html">
			<edit>
				<find><![CDATA[<!-- IF S_DISPLAY_ONLINE_LIST -->
	<h3><!-- IF U_VIEWONLINE --><a href="{U_VIEWONLINE}">{L_WHO_IS_ONLINE}</a><!-- ELSE -->{L_WHO_IS_ONLINE}<!-- ENDIF --></h3>
	<p>{LOGGED_IN_USER_LIST}</p>
<!-- ENDIF -->

<!-- IF S_DISPLAY_POST_INFO -->
	<h3>{L_FORUM_PERMISSIONS}</h3>
	<p><!-- BEGIN rules -->{rules.RULE}<br /><!-- END rules --></p>
<!-- ENDIF -->]]></find>
				<action type="before-add"><![CDATA[<!-- IF S_FORUMTABS -->
<!-- INCLUDE viewforum_tabbed.html -->
<!-- ELSE -->]]></action>
			</edit>
			<edit>
				<find><![CDATA[<!-- INCLUDE overall_footer.html -->
]]></find>
				<action type="before-add"><![CDATA[<!-- ENDIF -->]]></action>
			</edit>
		</open>
		<open src="styles/prosilver/template/viewtopic_body.html">
			<edit>
				<find><![CDATA[<!-- IF S_DISPLAY_ONLINE_LIST -->
	<h3><!-- IF U_VIEWONLINE --><a href="{U_VIEWONLINE}">{L_WHO_IS_ONLINE}</a><!-- ELSE -->{L_WHO_IS_ONLINE}<!-- ENDIF --></h3>
	<p>{LOGGED_IN_USER_LIST}</p>
<!-- ENDIF -->]]></find>
				<action type="before-add"><![CDATA[<!-- IF S_TOPICTABS -->
<!-- INCLUDE viewtopic_tabbed.html -->
<!-- ELSE -->]]></action>
			</edit>
			<edit>
				<find><![CDATA[<!-- INCLUDE overall_footer.html -->]]></find>
				<action type="before-add"><![CDATA[<!-- ENDIF -->]]></action>
			</edit>
		</open>
		<open src="styles/prosilver/theme/stylesheet.css">
			<edit>
				<find><![CDATA[@import url("colours.css");]]></find>
				<action type="after-add"><![CDATA[@import url("tabs.css");]]></action>
			</edit>
		</open>
		<diy-instructions lang="en"><![CDATA[IMPORTANT ! 

#####################################################################
Log on to Administration Control Panel

#####################################################################
A) Refresh the templates :

	A.1) Navigate to "Styles" Tab.
	A.2) Under "Style components " click on "Templates".
	A.3) Under "Actions" click on "Refresh".
	A.4) in the next screen, click on "Yes" ( Repeat last 2 steps to each instaled style ).

#####################################################################
B) Refresh the themes :

	B.1) Navigate to "Styles" Tab.
	B.2) Under "Style components " click on "Themes".
	B.3) Under "Actions" click on "Refresh".
	B.4) in the next screen, click on "Yes" ( Repeat last 2 steps to each instaled style ).

#####################################################################
C) Enjoy it !.]]></diy-instructions>
		<diy-instructions lang="es"><![CDATA[IMPORTANTE ! 

#####################################################################
Identificarse en el Panel de control del Administrador

#####################################################################
A) Actualizar las Plantillas :

	A.1) Navegue hasta la solapa "ESTILOS"
	A.2) Debajo de "COMPONENTES DE ESTILO" hacer click en "Plantillas".
	A.3) En "Acciones" hacer click en "Actualizar".
	A.4) En la siguente pantalla, haga click en "SI" ( Repita los 2 últimos pasos para cada estilo Instalado ).

#####################################################################
B) Actualizar el Estilo

	B.1) Navegue hasta la solapa "ESTILOS"
	B.2) Debajo de "COMPONENTES DE ESTILO" hacer click en "Estilos".
	B.3) En "Acciones" hacer click en "Actualizar".
	B.4) En la siguente pantalla, haga click en "SI" ( Repita los 2 últimos pasos para cada estilo Instalado ).

#####################################################################
C) Disfruten !.]]></diy-instructions>
	</action-group>
</mod>
